id,sourceOrdinal,rawEntry,name,requestedDomain,canonicalDomain,sourceGroup,industryTags,region,contentLanguages,discoveryMethod,tier,active,validationStatus,robotsAllowed,rssOrApiUrl,useCount,notes
"cowinmagnet-cl-001-mundominero-cl","1","Mundo Minero | https://www.mundominero.cl","Mundo Minero","mundominero.cl","mundominero.cl","mining-mineral-processing","mining|mineral|processing","chile","es","public-page","B","false","pending","","","0","Imported from the user directory; inactive until validation succeeds."
"cowinmagnet-cl-002-mineriamepanamericana-com","2","Minería Pan-Americana | https://www.mineriamepanamericana.com","Minería Pan-Americana","mineriamepanamericana.com","mineriamepanamericana.com","mining-mineral-processing","mining|mineral|processing","latam","es","public-page","B","false","pending","","","0","Imported from the user directory; inactive until validation succeeds."
"cowinmagnet-cl-003-mineriatotal-cl","3","Revista Minería Total | https://www.mineriatotal.cl","Revista Minería Total","mineriatotal.cl","mineriatotal.cl","mining-mineral-processing","mining|mineral|processing","chile","es","public-page","B","false","pending","","","0","Imported from the user directory; inactive until validation succeeds."
"cowinmagnet-cl-004-portalminero-com","4","Portal Minero | https://www.portalminero.com","Portal Minero","portalminero.com","portalminero.com","mining-mineral-processing","mining|mineral|processing","global","en","rss","B","false","pending","","https://www.portalminero.com/wp/feed/","0","Legacy feed endpoint retained for source-health verification; inactive until validation succeeds."
"cowinmagnet-cl-005-reporteminero-cl","5","Reporte Minero & Energético | https://www.reporteminero.cl","Reporte Minero & Energético","reporteminero.cl","reporteminero.cl","mining-mineral-processing","mining|mineral|processing","chile","es","public-page","B","false","pending","","","0","Imported from the user directory; inactive until validation succeeds."
"cowinmagnet-cl-006-guiaminera-cl","6","Guía Minera de Chile | https://www.guiaminera.cl","Guía Minera de Chile","guiaminera.cl","guiaminera.cl","mining-mineral-processing","mining|mineral|processing","chile","es","public-page","B","false","pending","","","0","Imported from the user directory; inactive until validation succeeds."
"cowinmagnet-cl-007-sonami-cl","7","Boletín Minero (SONAMI Chile) | https://www.sonami.cl","Boletín Minero (SONAMI Chile)","sonami.cl","sonami.cl","mining-mineral-processing","mining|mineral|processing","chile","es","public-page","A","false","pending","","","0","Imported from the user directory; inactive until validation succeeds."
"cowinmagnet-cl-008-org-pe","8","ProExplo / IIMP | https://www.iimp.org.pe","ProExplo / IIMP","org.pe","org.pe","mining-mineral-processing","mining|mineral|processing","peru","es","public-page","A","false","pending","","","0","Imported from the user directory; inactive until validation succeeds."
"cowinmagnet-cl-009-rumbominero-com","9","Rumbo Minero | https://www.rumbominero.com","Rumbo Minero","rumbominero.com","rumbominero.com","mining-mineral-processing","mining|mineral|processing","global","en","public-page","B","false","pending","","","0","Imported from the user directory; inactive until validation succeeds."
"cowinmagnet-cl-010-org-pe","10","Revista Desde Adentro (SNMPE Perú) | https://www.snmpe.org.pe","Revista Desde Adentro (SNMPE Perú)","org.pe","org.pe","mining-mineral-processing","mining|mineral|processing","peru","es","public-page","A","false","pending","","","0","Imported from the user directory; inactive until validation succeeds."
"cowinmagnet-cl-011-com-br","11","Brasil Mineral | https://www.brasilmineral.com.br","Brasil Mineral","com.br","com.br","mining-mineral-processing","mining|mineral|processing","brazil","pt-BR","public-page","B","false","pending","","","0","Imported from the user directory; inactive until validation succeeds."
"cowinmagnet-cl-012-noticiasdemineracao-com","12","Notícias Mineração Brasil | https://www.noticiasdemineracao.com","Notícias Mineração Brasil","noticiasdemineracao.com","noticiasdemineracao.com","mining-mineral-processing","mining|mineral|processing","brazil","pt-BR","public-page","B","false","pending","","","0","Imported from the user directory; inactive until validation succeeds."
"cowinmagnet-cl-013-areaminera-cl","13","Área Minera | https://www.areaminera.cl","Área Minera","areaminera.cl","areaminera.cl","mining-mineral-processing","mining|mineral|processing","chile","es","public-page","B","false","pending","","","0","Imported from the user directory; inactive until validation succeeds."
"cowinmagnet-cl-014-mineriaydesarrollo-com","14","Minería y Desarrollo | https://www.mineriaydesarrollo.com","Minería y Desarrollo","mineriaydesarrollo.com","mineriaydesarrollo.com","mining-mineral-processing","mining|mineral|processing","global","en","public-page","B","false","pending","","","0","Imported from the user directory; inactive until validation succeeds."
"cowinmagnet-cl-015-com-ar","15","Panorama Minero | https://www.panoramaminero.com.ar","Panorama Minero","com.ar","com.ar","mining-mineral-processing","mining|mineral|processing","argentina","es","public-page","B","false","pending","","","0","Imported from the user directory; inactive until validation succeeds."
"cowinmagnet-cl-016-revistamineria-com","16","Revista Minería | https://www.revistamineria.com","Revista Minería","revistamineria.com","revistamineria.com","mining-mineral-processing","mining|mineral|processing","global","en","public-page","B","false","pending","","","0","Imported from the user directory; inactive until validation succeeds."
"cowinmagnet-cl-017-agromineria-com","17","Revista Agro & Minería LATAM | https://www.agromineria.com","Revista Agro & Minería LATAM","agromineria.com","agromineria.com","mining-mineral-processing","mining|mineral|processing","latam","es","public-page","B","false","pending","","","0","Imported from the user directory; inactive until validation succeeds."
"cowinmagnet-cl-018-cochilco-cl","18","COCHILCO News | https://www.cochilco.cl","COCHILCO News","cochilco.cl","cochilco.cl","mining-mineral-processing","mining|mineral|processing","chile","es","rss","A","false","pending","","https://www.cochilco.cl/web/feed/","0","Legacy feed endpoint retained for source-health verification; inactive until validation succeeds."
"cowinmagnet-cl-019-miningpress-com","19","Mining Press | https://www.miningpress.com","Mining Press","miningpress.com","miningpress.com","mining-mineral-processing","mining|mineral|processing","global","en","public-page","B","false","pending","","","0","Imported from the user directory; inactive until validation succeeds."
"cowinmagnet-cl-020-minasypetroleo-com","20","Minas y Petróleo | https://www.minasypetroleo.com","Minas y Petróleo","minasypetroleo.com","minasypetroleo.com","mining-mineral-processing","mining|mineral|processing","global","en","public-page","B","false","pending","","","0","Imported from the user directory; inactive until validation succeeds."
"cowinmagnet-cl-021-mining-com","21","Mining.com | https://www.mining.com","Mining.com","mining.com","mining.com","mining-mineral-processing","mining|mineral|processing","global","en","public-page","B","false","pending","","","0","Imported from the user directory; inactive until validation succeeds."
"cowinmagnet-cl-022-im-mining-com","22","International Mining | https://www.im-mining.com","International Mining","im-mining.com","im-mining.com","mining-mineral-processing","mining|mineral|processing","global","en","public-page","B","false","pending","","","0","Imported from the user directory; inactive until validation succeeds."
"cowinmagnet-cl-023-miningmagazine-com","23","Mining Magazine | https://www.miningmagazine.com","Mining Magazine","miningmagazine.com","miningmagazine.com","mining-mineral-processing","mining|mineral|processing","global","en","public-page","B","false","pending","","","0","Imported from the user directory; inactive until validation succeeds."
"cowinmagnet-cl-024-e-mj-com","24","Engineering and Mining Journal | https://www.e-mj.com","Engineering and Mining Journal","e-mj.com","e-mj.com","mining-mineral-processing","mining|mineral|processing","global","en","public-page","B","false","pending","","","0","Imported from the user directory; inactive until validation succeeds."
"cowinmagnet-cl-025-mining-technology-com","25","Mining Technology | https://www.mining-technology.com","Mining Technology","mining-technology.com","mining-technology.com","mining-mineral-processing","mining|mineral|processing","global","en","rss","B","false","pending","","https://www.mining-technology.com/feed/","0","Legacy feed endpoint retained for source-health verification; inactive until validation succeeds."
"cowinmagnet-cl-026-globalminingreview-com","26","Global Mining Review | https://www.globalminingreview.com","Global Mining Review","globalminingreview.com","globalminingreview.com","mining-mineral-processing","mining|mineral|processing","global","en","public-page","B","false","pending","","","0","Imported from the user directory; inactive until validation succeeds."
"cowinmagnet-cl-027-canadianminingjournal-com","27","Canadian Mining Journal | https://www.canadianminingjournal.com","Canadian Mining Journal","canadianminingjournal.com","canadianminingjournal.com","mining-mineral-processing","mining|mineral|processing","global","en","rss","B","false","pending","","https://www.canadianminingjournal.com/feed/","0","Legacy feed endpoint retained for source-health verification; inactive until validation succeeds."
"cowinmagnet-cl-028-com-au","28","Australasian Mining Review | https://www.miningreview.com.au","Australasian Mining Review","com.au","com.au","mining-mineral-processing","mining|mineral|processing","global","en","public-page","B","false","pending","","","0","Imported from the user directory; inactive until validation succeeds."
"cowinmagnet-cl-029-miningweekly-com","29","Mining Weekly | https://www.miningweekly.com","Mining Weekly","miningweekly.com","miningweekly.com","mining-mineral-processing","mining|mineral|processing","global","en","public-page","B","false","pending","","","0","Imported from the user directory; inactive until validation succeeds."
"cowinmagnet-cl-030-blogspot-com","30","MEI Blog | https://minproworld.blogspot.com","MEI Blog","blogspot.com","blogspot.com","mining-mineral-processing","mining|mineral|processing","global","en","public-page","B","false","pending","","","0","Imported from the user directory; inactive until validation succeeds."
"cowinmagnet-cl-031-mineng-com","31","Minerals Engineering International | https://www.mineng.com","Minerals Engineering International","mineng.com","mineng.com","mining-mineral-processing","mining|mineral|processing","global","en","public-page","B","false","pending","","","0","Imported from the user directory; inactive until validation succeeds."
"cowinmagnet-cl-032-miningequipmentnews-com","32","Mining Equipment News | https://www.miningequipmentnews.com","Mining Equipment News","miningequipmentnews.com","miningequipmentnews.com","mining-mineral-processing","mining|mineral|processing","global","en","public-page","B","false","pending","","","0","Imported from the user directory; inactive until validation succeeds."
"cowinmagnet-cl-033-skillings-net","33","Skillings Mining Review | https://www.skillings.net","Skillings Mining Review","skillings.net","skillings.net","mining-mineral-processing","mining|mineral|processing","global","en","public-page","B","false","pending","","","0","Imported from the user directory; inactive until validation succeeds."
"cowinmagnet-cl-034-mining-journal-com","34","Mining Journal | https://www.mining-journal.com","Mining Journal","mining-journal.com","mining-journal.com","mining-mineral-processing","mining|mineral|processing","global","en","public-page","B","false","pending","","","0","Imported from the user directory; inactive until validation succeeds."
"cowinmagnet-cl-035-pitandquarry-com","35","Pit & Quarry | https://www.pitandquarry.com","Pit & Quarry","pitandquarry.com","pitandquarry.com","mining-mineral-processing","mining|mineral|processing","global","en","public-page","B","false","pending","","","0","Imported from the user directory; inactive until validation succeeds."
"cowinmagnet-cl-036-miningnewspro-com","36","Mining News Pro | https://www.miningnewspro.com","Mining News Pro","miningnewspro.com","miningnewspro.com","mining-mineral-processing","mining|mineral|processing","global","en","public-page","B","false","pending","","","0","Imported from the user directory; inactive until validation succeeds."
"cowinmagnet-cl-037-miningintelligence-com","37","Mining Intelligence | https://www.miningintelligence.com","Mining Intelligence","miningintelligence.com","miningintelligence.com","mining-mineral-processing","mining|mineral|processing","global","en","public-page","B","false","pending","","","0","Imported from the user directory; inactive until validation succeeds."
"cowinmagnet-cl-038-mp-magazine-com","38","Mineral Processing Magazine | https://www.mp-magazine.com","Mineral Processing Magazine","mp-magazine.com","mp-magazine.com","mining-mineral-processing","mining|mineral|processing","global","en","public-page","B","false","pending","","","0","Imported from the user directory; inactive until validation succeeds."
"cowinmagnet-cl-039-aggregatesandminingtoday-com","39","Aggregates & Mining Today | https://www.aggregatesandminingtoday.com","Aggregates & Mining Today","aggregatesandminingtoday.com","aggregatesandminingtoday.com","mining-mineral-processing","mining|mineral|processing","global","en","public-page","B","false","pending","","","0","Imported from the user directory; inactive until validation succeeds."
"cowinmagnet-cl-040-miningconstructiontoday-com","40","Mining Construction Today | https://www.miningconstructiontoday.com","Mining Construction Today","miningconstructiontoday.com","miningconstructiontoday.com","mining-mineral-processing","mining|mineral|processing","global","en","public-page","B","false","pending","","","0","Imported from the user directory; inactive until validation succeeds."
"cowinmagnet-cl-041-co-za","41","SA Mining | https://www.samining.co.za","SA Mining","co.za","co.za","mining-mineral-processing","mining|mineral|processing","global","en","public-page","B","false","pending","","","0","Imported from the user directory; inactive until validation succeeds."
"cowinmagnet-cl-042-miningreview-com","42","Mining Review Africa | https://www.miningreview.com","Mining Review Africa","miningreview.com","miningreview.com","mining-mineral-processing","mining|mineral|processing","global","en","public-page","B","false","pending","","","0","Imported from the user directory; inactive until validation succeeds."
"cowinmagnet-cl-043-worldminingmagazine-com","43","World Mining Magazine | https://www.worldminingmagazine.com","World Mining Magazine","worldminingmagazine.com","worldminingmagazine.com","mining-mineral-processing","mining|mineral|processing","global","en","public-page","B","false","pending","","","0","Imported from the user directory; inactive until validation succeeds."
"cowinmagnet-cl-044-co-za","44","Mining Business Africa | https://www.miningbusinessafrica.co.za","Mining Business Africa","co.za","co.za","mining-mineral-processing","mining|mineral|processing","global","en","public-page","B","false","pending","","","0","Imported from the user directory; inactive until validation succeeds."
"cowinmagnet-cl-045-smenet-org","45","Mining Engineering Magazine (SME) | https://www.smenet.org","Mining Engineering Magazine (SME)","smenet.org","smenet.org","mining-mineral-processing","mining|mineral|processing","global","en","public-page","A","false","pending","","","0","Imported from the user directory; inactive until validation succeeds."
"cowinmagnet-cl-046-rocktoroad-com","46","Rock to Road | https://www.rocktoroad.com","Rock to Road","rocktoroad.com","rocktoroad.com","mining-mineral-processing","mining|mineral|processing","global","en","public-page","B","false","pending","","","0","Imported from the user directory; inactive until validation succeeds."
"cowinmagnet-cl-047-miningsee-eu","47","Mining See | https://www.miningsee.eu","Mining See","miningsee.eu","miningsee.eu","mining-mineral-processing","mining|mineral|processing","global","en","public-page","B","false","pending","","","0","Imported from the user directory; inactive until validation succeeds."
"cowinmagnet-cl-048-miningsafety-com","48","Mining Safety & Health News | https://www.miningsafety.com","Mining Safety & Health News","miningsafety.com","miningsafety.com","mining-mineral-processing","mining|mineral|processing","global","en","public-page","A","false","pending","","","0","Imported from the user directory; inactive until validation succeeds."
"cowinmagnet-cl-049-fastmarkets-com","49","Fastmarkets Mining | https://www.fastmarkets.com","Fastmarkets Mining","fastmarkets.com","fastmarkets.com","mining-mineral-processing","mining|mineral|processing","global","en","public-page","B","false","pending","","","0","Imported from the user directory; inactive until validation succeeds."
"cowinmagnet-cl-050-quarrying-org","50","Mining & Quarry World | https://www.quarrying.org","Mining & Quarry World","quarrying.org","quarrying.org","mining-mineral-processing","mining|mineral|processing","global","en","public-page","B","false","pending","","","0","Imported from the user directory; inactive until validation succeeds."
"cowinmagnet-cl-051-anir-cl","51","ANIR Chile | https://www.anir.cl","ANIR Chile","anir.cl","anir.cl","recycling-waste","recycling|waste","chile","es","public-page","A","false","pending","","","0","Imported from the user directory; inactive until validation succeeds."
"cowinmagnet-cl-052-reciclajechile-cl","52","Reciclaje Chile Portal | https://www.reciclajechile.cl","Reciclaje Chile Portal","reciclajechile.cl","reciclajechile.cl","recycling-waste","recycling|waste","chile","es","public-page","B","false","pending","","","0","Imported from the user directory; inactive until validation succeeds."
"cowinmagnet-cl-053-induambiente-cl","53","Revista InduAmbiente | https://www.induambiente.cl","Revista InduAmbiente","induambiente.cl","induambiente.cl","recycling-waste","recycling|waste","chile","es","public-page","B","false","pending","","","0","Imported from the user directory; inactive until validation succeeds."
"cowinmagnet-cl-054-cempre-org","54","CEMPRE | https://www.cempre.org","CEMPRE","cempre.org","cempre.org","recycling-waste","recycling|waste","global","en","public-page","A","false","pending","","","0","Imported from the user directory; inactive until validation succeeds."
"cowinmagnet-cl-055-reciclalatam-org","55","ReciclaLatam | https://www.reciclalatam.org","ReciclaLatam","reciclalatam.org","reciclalatam.org","recycling-waste","recycling|waste","latam","es","public-page","B","false","pending","","","0","Imported from the user directory; inactive until validation succeeds."
"cowinmagnet-cl-056-org-br","56","ABRE | https://www.abre.org.br","ABRE","org.br","org.br","recycling-waste","recycling|waste","brazil","pt-BR","public-page","B","false","pending","","","0","Imported from the user directory; inactive until validation succeeds."
"cowinmagnet-cl-057-org-ar","57","Compromiso Reciclaje Argentina | https://www.reciclado.org.ar","Compromiso Reciclaje Argentina","org.ar","org.ar","recycling-waste","recycling|waste","argentina","es","public-page","B","false","pending","","","0","Imported from the user directory; inactive until validation succeeds."
"cowinmagnet-cl-058-gestionderesiduos-lat","58","Latam Waste Management Portal | https://www.gestionderesiduos.lat","Latam Waste Management Portal","gestionderesiduos.lat","gestionderesiduos.lat","recycling-waste","recycling|waste","latam","es","public-page","B","false","pending","","","0","Imported from the user directory; inactive until validation succeeds."
"cowinmagnet-cl-059-residuosprofesional-com","59","Residuos Profesional | https://www.residuosprofesional.com","Residuos Profesional","residuosprofesional.com","residuosprofesional.com","recycling-waste","recycling|waste","global","en","public-page","B","false","pending","","","0","Imported from the user directory; inactive until validation succeeds."
"cowinmagnet-cl-060-paiscircular-cl","60","País Circular | https://www.paiscircular.cl","País Circular","paiscircular.cl","paiscircular.cl","recycling-waste","recycling|waste","chile","es","public-page","B","false","pending","","","0","Imported from the user directory; inactive until validation succeeds."
"cowinmagnet-cl-061-futurorenovable-cl","61","Futuro Renovable | https://www.futurorenovable.cl","Futuro Renovable","futurorenovable.cl","futurorenovable.cl","recycling-waste","recycling|waste","chile","es","public-page","B","false","pending","","","0","Imported from the user directory; inactive until validation succeeds."
"cowinmagnet-cl-062-greentechlatam-com","62","Greentech Media Latam | https://www.greentechlatam.com","Greentech Media Latam","greentechlatam.com","greentechlatam.com","recycling-waste","recycling|waste","latam","es","public-page","B","false","pending","","","0","Imported from the user directory; inactive until validation succeeds."
"cowinmagnet-cl-063-ecoinventos-com","63","EcoInventions South America | https://www.ecoinventos.com","EcoInventions South America","ecoinventos.com","ecoinventos.com","recycling-waste","recycling|waste","latam","es","public-page","B","false","pending","","","0","Imported from the user directory; inactive until validation succeeds."
"cowinmagnet-cl-064-ambienteycomercio-org","64","Ambiente y Comercio LATAM | https://www.ambienteycomercio.org","Ambiente y Comercio LATAM","ambienteycomercio.org","ambienteycomercio.org","recycling-waste","recycling|waste","latam","es","public-page","B","false","pending","","","0","Imported from the user directory; inactive until validation succeeds."
"cowinmagnet-cl-065-sostenibilidad-cl","65","Sostenibilidad Chile Portal | https://www.sostenibilidad.cl","Sostenibilidad Chile Portal","sostenibilidad.cl","sostenibilidad.cl","recycling-waste","recycling|waste","chile","es","public-page","B","false","pending","","","0","Imported from the user directory; inactive until validation succeeds."
"cowinmagnet-cl-066-recyclingtoday-com","66","Recycling Today | https://www.recyclingtoday.com","Recycling Today","recyclingtoday.com","recyclingtoday.com","recycling-waste","recycling|waste","global","en","public-page","B","false","pending","","","0","Imported from the user directory; inactive until validation succeeds."
"cowinmagnet-cl-067-scrap-org","67","Scrap Magazine | https://www.scrap.org","Scrap Magazine","scrap.org","scrap.org","recycling-waste","recycling|waste","global","en","public-page","B","false","pending","","","0","Imported from the user directory; inactive until validation succeeds."
"cowinmagnet-cl-068-waste360-com","68","Waste360 | https://www.waste360.com","Waste360","waste360.com","waste360.com","recycling-waste","recycling|waste","global","en","public-page","B","false","pending","","","0","Imported from the user directory; inactive until validation succeeds."
"cowinmagnet-cl-069-recycling-magazine-com","69","Recycling Magazine | https://www.recycling-magazine.com","Recycling Magazine","recycling-magazine.com","recycling-magazine.com","recycling-waste","recycling|waste","global","en","public-page","B","false","pending","","","0","Imported from the user directory; inactive until validation succeeds."
"cowinmagnet-cl-070-waste-management-world-com","70","Waste Management World | https://www.waste-management-world.com","Waste Management World","waste-management-world.com","waste-management-world.com","recycling-waste","recycling|waste","global","en","public-page","B","false","pending","","","0","Imported from the user directory; inactive until validation succeeds."
"cowinmagnet-cl-071-recyclinginternational-com","71","Recycling International | https://www.recyclinginternational.com","Recycling International","recyclinginternational.com","recyclinginternational.com","recycling-waste","recycling|waste","global","en","public-page","B","false","pending","","","0","Imported from the user directory; inactive until validation succeeds."
"cowinmagnet-cl-072-resource-recycling-com","72","E-Scrap News | https://www.resource-recycling.com/e-scrap","E-Scrap News","resource-recycling.com","resource-recycling.com","recycling-waste","recycling|waste","global","en","public-page","B","false","pending","","","0","Imported from the user directory; inactive until validation succeeds."
"cowinmagnet-cl-073-resource-recycling-com","73","Plastics Recycling Update | https://www.resource-recycling.com/plastics","Plastics Recycling Update","resource-recycling.com","resource-recycling.com","recycling-waste","recycling|waste","global","en","public-page","B","false","pending","","","0","Imported from the user directory; inactive until validation succeeds."
"cowinmagnet-cl-074-resource-recycling-com","74","Resource Recycling | https://www.resource-recycling.com","Resource Recycling","resource-recycling.com","resource-recycling.com","recycling-waste","recycling|waste","global","en","public-page","B","false","pending","","","0","Imported from the user directory; inactive until validation succeeds."
"cowinmagnet-cl-075-global-recycling-info","75","Global Recycling Magazine | https://www.global-recycling.info","Global Recycling Magazine","global-recycling.info","global-recycling.info","recycling-waste","recycling|waste","global","en","public-page","B","false","pending","","","0","Imported from the user directory; inactive until validation succeeds."
"cowinmagnet-cl-076-wastedive-com","76","Waste Dive | https://www.wastedive.com","Waste Dive","wastedive.com","wastedive.com","recycling-waste","recycling|waste","global","en","public-page","B","false","pending","","","0","Imported from the user directory; inactive until validation succeeds."
"cowinmagnet-cl-077-biocycle-net","77","BioCycle | https://www.biocycle.net","BioCycle","biocycle.net","biocycle.net","recycling-waste","recycling|waste","global","en","public-page","B","false","pending","","","0","Imported from the user directory; inactive until validation succeeds."
"cowinmagnet-cl-078-cdrecycling-org","78","C&D World | https://www.cdrecycling.org","C&D World","cdrecycling.org","cdrecycling.org","recycling-waste","recycling|waste","global","en","public-page","B","false","pending","","","0","Imported from the user directory; inactive until validation succeeds."
"cowinmagnet-cl-079-metalrecyclingnews-com","79","Metal Recycling News | https://www.metalrecyclingnews.com","Metal Recycling News","metalrecyclingnews.com","metalrecyclingnews.com","recycling-waste","recycling|waste","global","en","public-page","B","false","pending","","","0","Imported from the user directory; inactive until validation succeeds."
"cowinmagnet-cl-080-autorecyclingworld-com","80","Auto Recycling World | https://www.autorecyclingworld.com","Auto Recycling World","autorecyclingworld.com","autorecyclingworld.com","recycling-waste","recycling|waste","global","en","public-page","B","false","pending","","","0","Imported from the user directory; inactive until validation succeeds."
"cowinmagnet-cl-081-wasteandrecyclingme-ae","81","Waste & Recycling Middle East | https://www.wasteandrecyclingme.ae","Waste & Recycling Middle East","wasteandrecyclingme.ae","wasteandrecyclingme.ae","recycling-waste","recycling|waste","global","en","public-page","B","false","pending","","","0","Imported from the user directory; inactive until validation succeeds."
"cowinmagnet-cl-082-co-uk","82","Circular Online | https://www.circularonline.co.uk","Circular Online","co.uk","co.uk","recycling-waste","recycling|waste","global","en","public-page","B","false","pending","","","0","Imported from the user directory; inactive until validation succeeds."
"cowinmagnet-cl-083-co-uk","83","Materials Recycling World | https://www.mrw.co.uk","Materials Recycling World","co.uk","co.uk","recycling-waste","recycling|waste","global","en","public-page","B","false","pending","","","0","Imported from the user directory; inactive until validation succeeds."
"cowinmagnet-cl-084-smmnetwork-org","84","Sustainable Materials Management Network | https://www.smmnetwork.org","Sustainable Materials Management Network","smmnetwork.org","smmnetwork.org","recycling-waste","recycling|waste","global","en","public-page","B","false","pending","","","0","Imported from the user directory; inactive until validation succeeds."
"cowinmagnet-cl-085-wasteadvantagemag-com","85","Waste Advantage Magazine | https://www.wasteadvantagemag.com","Waste Advantage Magazine","wasteadvantagemag.com","wasteadvantagemag.com","recycling-waste","recycling|waste","global","en","public-page","B","false","pending","","","0","Imported from the user directory; inactive until validation succeeds."
"cowinmagnet-cl-086-scrapregister-com","86","Scrap Register | https://www.scrapregister.com","Scrap Register","scrapregister.com","scrapregister.com","recycling-waste","recycling|waste","global","en","public-page","B","false","pending","","","0","Imported from the user directory; inactive until validation succeeds."
"cowinmagnet-cl-087-recyclinginside-com","87","Recycling Inside | https://www.recyclinginside.com","Recycling Inside","recyclinginside.com","recyclinginside.com","recycling-waste","recycling|waste","global","en","public-page","B","false","pending","","","0","Imported from the user directory; inactive until validation succeeds."
"cowinmagnet-cl-088-smartasn-org","88","SMART | https://www.smartasn.org","SMART","smartasn.org","smartasn.org","recycling-waste","recycling|waste","global","en","public-page","B","false","pending","","","0","Imported from the user directory; inactive until validation succeeds."
"cowinmagnet-cl-089-recycledmetals-org","89","Recycled Metals Portal | https://www.recycledmetals.org","Recycled Metals Portal","recycledmetals.org","recycledmetals.org","recycling-waste","recycling|waste","global","en","public-page","B","false","pending","","","0","Imported from the user directory; inactive until validation succeeds."
"cowinmagnet-cl-090-bir-org","90","Bureau of International Recycling | https://www.bir.org","Bureau of International Recycling","bir.org","bir.org","recycling-waste","recycling|waste","global","en","public-page","B","false","pending","","","0","Imported from the user directory; inactive until validation succeeds."
"cowinmagnet-cl-091-emb-cl","91","Revista ElectroIndustria | https://www.emb.cl/electroindustria","Revista ElectroIndustria","emb.cl","emb.cl","bulk-machinery","bulk|machinery","chile","es","public-page","B","false","pending","","","0","Imported from the user directory; inactive until validation succeeds."
"cowinmagnet-cl-092-mantenimientochile-cl","92","Revista Mantenimiento e Industria | https://www.mantenimientochile.cl","Revista Mantenimiento e Industria","mantenimientochile.cl","mantenimientochile.cl","bulk-machinery","bulk|machinery","chile","es","public-page","B","false","pending","","","0","Imported from the user directory; inactive until validation succeeds."
"cowinmagnet-cl-093-procesosindustriales-cl","93","Procesos Industriales LATAM | https://www.procesosindustriales.cl","Procesos Industriales LATAM","procesosindustriales.cl","procesosindustriales.cl","bulk-machinery","bulk|machinery","chile","es","public-page","B","false","pending","","","0","Imported from the user directory; inactive until validation succeeds."
"cowinmagnet-cl-094-com-ar","94","Ingeniería e Industria | https://www.ingenieriaeindustria.com.ar","Ingeniería e Industria","com.ar","com.ar","bulk-machinery","bulk|machinery","argentina","es","public-page","B","false","pending","","","0","Imported from the user directory; inactive until validation succeeds."
"cowinmagnet-cl-095-portalindustrial-cl","95","Portal Industrial de Chile | https://www.portalindustrial.cl","Portal Industrial de Chile","portalindustrial.cl","portalindustrial.cl","bulk-machinery","bulk|machinery","chile","es","public-page","B","false","pending","","","0","Imported from the user directory; inactive until validation succeeds."
"cowinmagnet-cl-096-maquinariaspesadas-org","96","Revista Maquinarias Pesadas | https://www.maquinariaspesadas.org","Revista Maquinarias Pesadas","maquinariaspesadas.org","maquinariaspesadas.org","bulk-machinery","bulk|machinery","global","en","public-page","B","false","pending","","","0","Imported from the user directory; inactive until validation succeeds."
"cowinmagnet-cl-097-mercadodemaquinarias-cl","97","Mercado de Maquinarias | https://www.mercadodemaquinarias.cl","Mercado de Maquinarias","mercadodemaquinarias.cl","mercadodemaquinarias.cl","bulk-machinery","bulk|machinery","chile","es","public-page","B","false","pending","","","0","Imported from the user directory; inactive until validation succeeds."
"cowinmagnet-cl-098-com-br","98","Concreto e Industria Brasil | https://www.revistaconcreto.com.br","Concreto e Industria Brasil","com.br","com.br","bulk-machinery","bulk|machinery","brazil","pt-BR","public-page","B","false","pending","","","0","Imported from the user directory; inactive until validation succeeds."
"cowinmagnet-cl-099-noticiasmaquinaria-com","99","Noticias de Maquinaria Industrial LATAM | https://www.noticiasmaquinaria.com","Noticias de Maquinaria Industrial LATAM","noticiasmaquinaria.com","noticiasmaquinaria.com","bulk-machinery","bulk|machinery","latam","es","public-page","B","false","pending","","","0","Imported from the user directory; inactive until validation succeeds."
"cowinmagnet-cl-100-equiposymas-com","100","Revista Equipos y Más | https://www.equiposymas.com","Revista Equipos y Más","equiposymas.com","equiposymas.com","bulk-machinery","bulk|machinery","global","en","public-page","B","false","pending","","","0","Imported from the user directory; inactive until validation succeeds."
"cowinmagnet-cl-101-bulk-solids-handling-com","101","Bulk Solids Handling Magazine | https://www.bulk-solids-handling.com","Bulk Solids Handling Magazine","bulk-solids-handling.com","bulk-solids-handling.com","bulk-machinery","bulk|machinery","global","en","public-page","B","false","pending","","","0","Imported from the user directory; inactive until validation succeeds."
"cowinmagnet-cl-102-bulkinside-com","102","Bulk Inside | https://www.bulkinside.com","Bulk Inside","bulkinside.com","bulkinside.com","bulk-machinery","bulk|machinery","global","en","public-page","B","false","pending","","","0","Imported from the user directory; inactive until validation succeeds."
"cowinmagnet-cl-103-drybulkmagazine-com","103","Dry Bulk Magazine | https://www.drybulkmagazine.com","Dry Bulk Magazine","drybulkmagazine.com","drybulkmagazine.com","bulk-machinery","bulk|machinery","global","en","public-page","B","false","pending","","","0","Imported from the user directory; inactive until validation succeeds."
"cowinmagnet-cl-104-powderbulksolids-com","104","Powder & Bulk Solids | https://www.powderbulksolids.com","Powder & Bulk Solids","powderbulksolids.com","powderbulksolids.com","bulk-machinery","bulk|machinery","global","en","public-page","B","false","pending","","","0","Imported from the user directory; inactive until validation succeeds."
"cowinmagnet-cl-105-cemanet-org","105","Conveyor Equipment Manufacturers Association | https://www.cemanet.org","Conveyor Equipment Manufacturers Association","cemanet.org","cemanet.org","bulk-machinery","bulk|machinery","global","en","public-page","A","false","pending","","","0","Imported from the user directory; inactive until validation succeeds."
"cowinmagnet-cl-106-bulk-online-com","106","Bulk Material Handling Forum | https://www.bulk-online.com","Bulk Material Handling Forum","bulk-online.com","bulk-online.com","bulk-machinery","bulk|machinery","global","en","public-page","discovery-only","false","pending","","","0","Imported from the user directory; inactive until validation succeeds."
"cowinmagnet-cl-107-processingmagazine-com","107","Processing Magazine | https://www.processingmagazine.com","Processing Magazine","processingmagazine.com","processingmagazine.com","bulk-machinery","bulk|machinery","global","en","public-page","B","false","pending","","","0","Imported from the user directory; inactive until validation succeeds."
"cowinmagnet-cl-108-mhlnews-com","108","Material Handling & Logistics | https://www.mhlnews.com","Material Handling & Logistics","mhlnews.com","mhlnews.com","bulk-machinery","bulk|machinery","global","en","public-page","B","false","pending","","","0","Imported from the user directory; inactive until validation succeeds."
"cowinmagnet-cl-109-mmh-com","109","Modern Materials Handling | https://www.mmh.com","Modern Materials Handling","mmh.com","mmh.com","bulk-machinery","bulk|machinery","global","en","public-page","B","false","pending","","","0","Imported from the user directory; inactive until validation succeeds."
"cowinmagnet-cl-110-ien-com","110","Industrial Equipment News | https://www.ien.com","Industrial Equipment News","ien.com","ien.com","bulk-machinery","bulk|machinery","global","en","public-page","B","false","pending","","","0","Imported from the user directory; inactive until validation succeeds."
"cowinmagnet-cl-111-plantengineering-com","111","Plant Engineering | https://www.plantengineering.com","Plant Engineering","plantengineering.com","plantengineering.com","bulk-machinery","bulk|machinery","global","en","public-page","B","false","pending","","","0","Imported from the user directory; inactive until validation succeeds."
"cowinmagnet-cl-112-maintenancetechnology-com","112","Maintenance Technology | https://www.maintenancetechnology.com","Maintenance Technology","maintenancetechnology.com","maintenancetechnology.com","bulk-machinery","bulk|machinery","global","en","public-page","B","false","pending","","","0","Imported from the user directory; inactive until validation succeeds."
"cowinmagnet-cl-113-machinerylubrication-com","113","Machinery Lubrication | https://www.machinerylubrication.com","Machinery Lubrication","machinerylubrication.com","machinerylubrication.com","bulk-machinery","bulk|machinery","global","en","public-page","B","false","pending","","","0","Imported from the user directory; inactive until validation succeeds."
"cowinmagnet-cl-114-oemoffhighway-com","114","OEM Off-Highway | https://www.oemoffhighway.com","OEM Off-Highway","oemoffhighway.com","oemoffhighway.com","bulk-machinery","bulk|machinery","global","en","public-page","B","false","pending","","","0","Imported from the user directory; inactive until validation succeeds."
"cowinmagnet-cl-115-heavyequipmentguide-ca","115","Heavy Equipment Guide | https://www.heavyequipmentguide.ca","Heavy Equipment Guide","heavyequipmentguide.ca","heavyequipmentguide.ca","bulk-machinery","bulk|machinery","global","en","public-page","B","false","pending","","","0","Imported from the user directory; inactive until validation succeeds."
"cowinmagnet-cl-116-equipmentworld-com","116","Equipment World | https://www.equipmentworld.com","Equipment World","equipmentworld.com","equipmentworld.com","bulk-machinery","bulk|machinery","global","en","public-page","B","false","pending","","","0","Imported from the user directory; inactive until validation succeeds."
"cowinmagnet-cl-117-solids-handling-com","117","Solid Handling News | https://www.solids-handling.com","Solid Handling News","solids-handling.com","solids-handling.com","bulk-machinery","bulk|machinery","global","en","public-page","B","false","pending","","","0","Imported from the user directory; inactive until validation succeeds."
"cowinmagnet-cl-118-ibj-online-com","118","International Bulk Journal | https://www.ibj-online.com","International Bulk Journal","ibj-online.com","ibj-online.com","bulk-machinery","bulk|machinery","global","en","public-page","B","false","pending","","","0","Imported from the user directory; inactive until validation succeeds."
"cowinmagnet-cl-119-mhi-org","119","MHI | https://www.mhi.org","MHI","mhi.org","mhi.org","bulk-machinery","bulk|machinery","global","en","public-page","B","false","pending","","","0","Imported from the user directory; inactive until validation succeeds."
"cowinmagnet-cl-120-agg-net-com","120","Agg-Net | https://www.agg-net.com","Agg-Net","agg-net.com","agg-net.com","bulk-machinery","bulk|machinery","global","en","public-page","B","false","pending","","","0","Imported from the user directory; inactive until validation succeeds."
"cowinmagnet-cl-121-conveyor-tech-com","121","Conveyor Tech | https://www.conveyor-tech.com","Conveyor Tech","conveyor-tech.com","conveyor-tech.com","bulk-machinery","bulk|machinery","global","en","public-page","B","false","pending","","","0","Imported from the user directory; inactive until validation succeeds."
"cowinmagnet-cl-122-mechanicalhandling-com","122","Mechanical Handling Online | https://www.mechanicalhandling.com","Mechanical Handling Online","mechanicalhandling.com","mechanicalhandling.com","bulk-machinery","bulk|machinery","global","en","public-page","B","false","pending","","","0","Imported from the user directory; inactive until validation succeeds."
"cowinmagnet-cl-123-processequipmentnews-com","123","Process Equipment News | https://www.processequipmentnews.com","Process Equipment News","processequipmentnews.com","processequipmentnews.com","bulk-machinery","bulk|machinery","global","en","public-page","B","false","pending","","","0","Imported from the user directory; inactive until validation succeeds."
"cowinmagnet-cl-124-ipeonline-com","124","Industrial Plant & Equipment | https://www.ipeonline.com","Industrial Plant & Equipment","ipeonline.com","ipeonline.com","bulk-machinery","bulk|machinery","global","en","public-page","B","false","pending","","","0","Imported from the user directory; inactive until validation succeeds."
"cowinmagnet-cl-125-powderprocessing-com","125","Powder Processing | https://www.powderprocessing.com","Powder Processing","powderprocessing.com","powderprocessing.com","bulk-machinery","bulk|machinery","global","en","public-page","B","false","pending","","","0","Imported from the user directory; inactive until validation succeeds."
"cowinmagnet-cl-126-processindustryforum-com","126","Process Industry Forum | https://www.processindustryforum.com","Process Industry Forum","processindustryforum.com","processindustryforum.com","bulk-machinery","bulk|machinery","global","en","public-page","B","false","pending","","","0","Imported from the user directory; inactive until validation succeeds."
"cowinmagnet-cl-127-engineeringmaintenance-info","127","Engineering Maintenance Magazine | https://www.engineeringmaintenance.info","Engineering Maintenance Magazine","engineeringmaintenance.info","engineeringmaintenance.info","bulk-machinery","bulk|machinery","global","en","public-page","B","false","pending","","","0","Imported from the user directory; inactive until validation succeeds."
"cowinmagnet-cl-128-reliabilityplant-com","128","Reliability Plant | https://www.reliabilityplant.com","Reliability Plant","reliabilityplant.com","reliabilityplant.com","bulk-machinery","bulk|machinery","global","en","public-page","B","false","pending","","","0","Imported from the user directory; inactive until validation succeeds."
"cowinmagnet-cl-129-designworldonline-com","129","Design World Heavy Industry | https://www.designworldonline.com","Design World Heavy Industry","designworldonline.com","designworldonline.com","bulk-machinery","bulk|machinery","global","en","public-page","B","false","pending","","","0","Imported from the user directory; inactive until validation succeeds."
"cowinmagnet-cl-130-impomag-com","130","Industrial Maintenance & Plant Operation | https://www.impomag.com","Industrial Maintenance & Plant Operation","impomag.com","impomag.com","bulk-machinery","bulk|machinery","global","en","public-page","B","false","pending","","","0","Imported from the user directory; inactive until validation succeeds."
"cowinmagnet-cl-131-ficem-org","131","FICEM | https://www.ficem.org","FICEM","ficem.org","ficem.org","cement-aggregates","cement|aggregates","global","en","public-page","A","false","pending","","","0","Imported from the user directory; inactive until validation succeeds."
"cowinmagnet-cl-132-ich-cl","132","Instituto del Cemento y del Hormigón de Chile | https://www.ich.cl","Instituto del Cemento y del Hormigón de Chile","ich.cl","ich.cl","cement-aggregates","cement|aggregates","chile","es","public-page","A","false","pending","","","0","Imported from the user directory; inactive until validation succeeds."
"cowinmagnet-cl-133-ich-cl","133","Revista Hormigón Al Día | https://www.hormigondia.ich.cl","Revista Hormigón Al Día","ich.cl","ich.cl","cement-aggregates","cement|aggregates","chile","es","public-page","A","false","pending","","","0","Imported from the user directory; inactive until validation succeeds."
"cowinmagnet-cl-134-org-pe","134","Asocem | https://www.asocem.org.pe","Asocem","org.pe","org.pe","cement-aggregates","cement|aggregates","peru","es","public-page","A","false","pending","","","0","Imported from the user directory; inactive until validation succeeds."
"cowinmagnet-cl-135-org-br","135","ABCP | https://www.abcp.org.br","ABCP","org.br","org.br","cement-aggregates","cement|aggregates","brazil","pt-BR","public-page","A","false","pending","","","0","Imported from the user directory; inactive until validation succeeds."
"cowinmagnet-cl-136-revistaconstruccion-cl","136","Revista Construcción e Industria | https://www.revistaconstruccion.cl","Revista Construcción e Industria","revistaconstruccion.cl","revistaconstruccion.cl","cement-aggregates","cement|aggregates","chile","es","public-page","B","false","pending","","","0","Imported from the user directory; inactive until validation succeeds."
"cowinmagnet-cl-137-cchc-cl","137","Cámara Chilena de la Construcción | https://www.cchc.cl","Cámara Chilena de la Construcción","cchc.cl","cchc.cl","cement-aggregates","cement|aggregates","chile","es","public-page","A","false","pending","","","0","Imported from the user directory; inactive until validation succeeds."
"cowinmagnet-cl-138-cementolatino-com","138","Noticias del Cemento LATAM | https://www.cementolatino.com","Noticias del Cemento LATAM","cementolatino.com","cementolatino.com","cement-aggregates","cement|aggregates","latam","es","public-page","B","false","pending","","","0","Imported from the user directory; inactive until validation succeeds."
"cowinmagnet-cl-139-aridoschile-cl","139","Áridos Chile Association | https://www.aridoschile.cl","Áridos Chile Association","aridoschile.cl","aridoschile.cl","cement-aggregates","cement|aggregates","chile","es","public-page","B","false","pending","","","0","Imported from the user directory; inactive until validation succeeds."
"cowinmagnet-cl-140-canterasyconstruccion-com","140","Revista Canteras y Construcción | https://www.canterasyconstruccion.com","Revista Canteras y Construcción","canterasyconstruccion.com","canterasyconstruccion.com","cement-aggregates","cement|aggregates","global","en","public-page","B","false","pending","","","0","Imported from the user directory; inactive until validation succeeds."
"cowinmagnet-cl-141-worldcement-com","141","World Cement | https://www.worldcement.com","World Cement","worldcement.com","worldcement.com","cement-aggregates","cement|aggregates","global","en","public-page","B","false","pending","","","0","Imported from the user directory; inactive until validation succeeds."
"cowinmagnet-cl-142-globalcement-com","142","Global Cement | https://www.globalcement.com","Global Cement","globalcement.com","globalcement.com","cement-aggregates","cement|aggregates","global","en","public-page","B","false","pending","","","0","Imported from the user directory; inactive until validation succeeds."
"cowinmagnet-cl-143-cemnet-com","143","International Cement Review | https://www.cemnet.com","International Cement Review","cemnet.com","cemnet.com","cement-aggregates","cement|aggregates","global","en","public-page","B","false","pending","","","0","Imported from the user directory; inactive until validation succeeds."
"cowinmagnet-cl-144-pitandquarry-com","144","Pit & Quarry Magazine | https://www.pitandquarry.com","Pit & Quarry Magazine","pitandquarry.com","pitandquarry.com","cement-aggregates","cement|aggregates","global","en","public-page","B","false","pending","","","0","Imported from the user directory; inactive until validation succeeds."
"cowinmagnet-cl-145-rockproducts-com","145","Rock Products | https://www.rockproducts.com","Rock Products","rockproducts.com","rockproducts.com","cement-aggregates","cement|aggregates","global","en","public-page","B","false","pending","","","0","Imported from the user directory; inactive until validation succeeds."
"cowinmagnet-cl-146-aggbusiness-com","146","Aggregates Business | https://www.aggbusiness.com","Aggregates Business","aggbusiness.com","aggbusiness.com","cement-aggregates","cement|aggregates","global","en","public-page","B","false","pending","","","0","Imported from the user directory; inactive until validation succeeds."
"cowinmagnet-cl-147-aggregateresearch-com","147","Aggregate Research | https://www.aggregateresearch.com","Aggregate Research","aggregateresearch.com","aggregateresearch.com","cement-aggregates","cement|aggregates","global","en","public-page","B","false","pending","","","0","Imported from the user directory; inactive until validation succeeds."
"cowinmagnet-cl-148-cwgrp-com","148","Cement Lime Gypsum | https://www.cwgrp.com","Cement Lime Gypsum","cwgrp.com","cwgrp.com","cement-aggregates","cement|aggregates","global","en","public-page","B","false","pending","","","0","Imported from the user directory; inactive until validation succeeds."
"cowinmagnet-cl-149-com-au","149","Quarry Magazine | https://www.quarrymagazine.com.au","Quarry Magazine","com.au","com.au","cement-aggregates","cement|aggregates","global","en","public-page","B","false","pending","","","0","Imported from the user directory; inactive until validation succeeds."
"cowinmagnet-cl-150-concreteproducts-com","150","Concrete Products | https://www.concreteproducts.com","Concrete Products","concreteproducts.com","concreteproducts.com","cement-aggregates","cement|aggregates","global","en","public-page","B","false","pending","","","0","Imported from the user directory; inactive until validation succeeds."
"cowinmagnet-cl-151-elsevier-com","151","Cement and Concrete Composites | https://www.journals.elsevier.com/cement-and-concrete-composites","Cement and Concrete Composites","elsevier.com","elsevier.com","cement-aggregates","cement|aggregates","global","en","public-page","B","false","pending","","","0","Imported from the user directory; inactive until validation succeeds."
"cowinmagnet-cl-152-indiancementreview-com","152","Indian Cement Review | https://www.indiancementreview.com","Indian Cement Review","indiancementreview.com","indiancementreview.com","cement-aggregates","cement|aggregates","global","en","public-page","B","false","pending","","","0","Imported from the user directory; inactive until validation succeeds."
"cowinmagnet-cl-153-zkg-de","153","ZKG International | https://www.zkg.de","ZKG International","zkg.de","zkg.de","cement-aggregates","cement|aggregates","global","en","public-page","B","false","pending","","","0","Imported from the user directory; inactive until validation succeeds."
"cowinmagnet-cl-154-equipmentworld-com","154","Aggregates Manager | https://www.equipmentworld.com/aggregates-manager","Aggregates Manager","equipmentworld.com","equipmentworld.com","cement-aggregates","cement|aggregates","global","en","public-page","B","false","pending","","","0","Imported from the user directory; inactive until validation succeeds."
"cowinmagnet-cl-155-quarryingafrica-com","155","Quarrying Africa | https://www.quarryingafrica.com","Quarrying Africa","quarryingafrica.com","quarryingafrica.com","cement-aggregates","cement|aggregates","global","en","public-page","B","false","pending","","","0","Imported from the user directory; inactive until validation succeeds."
"cowinmagnet-cl-156-concreteconstruction-net","156","Concrete Construction | https://www.concreteconstruction.net","Concrete Construction","concreteconstruction.net","concreteconstruction.net","cement-aggregates","cement|aggregates","global","en","public-page","B","false","pending","","","0","Imported from the user directory; inactive until validation succeeds."
"cowinmagnet-cl-157-bmreporter-com","157","Building Material Reporter | https://www.bmreporter.com","Building Material Reporter","bmreporter.com","bmreporter.com","cement-aggregates","cement|aggregates","global","en","public-page","B","false","pending","","","0","Imported from the user directory; inactive until validation succeeds."
"cowinmagnet-cl-158-precast-org","158","Precast Inc. Magazine | https://www.precast.org","Precast Inc. Magazine","precast.org","precast.org","cement-aggregates","cement|aggregates","global","en","public-page","B","false","pending","","","0","Imported from the user directory; inactive until validation succeeds."
"cowinmagnet-cl-159-heavyconstructionnews-com","159","Heavy Construction News | https://www.heavyconstructionnews.com","Heavy Construction News","heavyconstructionnews.com","heavyconstructionnews.com","cement-aggregates","cement|aggregates","global","en","public-page","B","false","pending","","","0","Imported from the user directory; inactive until validation succeeds."
"cowinmagnet-cl-160-mineralproducts-org","160","Mineral Products Association | https://www.mineralproducts.org","Mineral Products Association","mineralproducts.org","mineralproducts.org","cement-aggregates","cement|aggregates","global","en","public-page","B","false","pending","","","0","Imported from the user directory; inactive until validation succeeds."
"cowinmagnet-cl-161-redagricola-com","161","Red Agrícola Chile | https://www.redagricola.com/cl","Red Agrícola Chile","redagricola.com","redagricola.com","food-agriculture","food|agriculture","chile","es","public-page","B","false","pending","","","0","Imported from the user directory; inactive until validation succeeds."
"cowinmagnet-cl-162-industriaalimentaria-org","162","Revista Industria Alimentaria LATAM | https://www.industriaalimentaria.org","Revista Industria Alimentaria LATAM","industriaalimentaria.org","industriaalimentaria.org","food-agriculture","food|agriculture","latam","es","public-page","B","false","pending","","","0","Imported from the user directory; inactive until validation succeeds."
"cowinmagnet-cl-163-alimentosprocesados-com","163","Alimentos Procesados LATAM | https://www.alimentosprocesados.com","Alimentos Procesados LATAM","alimentosprocesados.com","alimentosprocesados.com","food-agriculture","food|agriculture","latam","es","public-page","B","false","pending","","","0","Imported from the user directory; inactive until validation succeeds."
"cowinmagnet-cl-164-chilealimentos-com","164","ChileAlimentos | https://www.chilealimentos.com","ChileAlimentos","chilealimentos.com","chilealimentos.com","food-agriculture","food|agriculture","chile","es","public-page","A","false","pending","","","0","Imported from the user directory; inactive until validation succeeds."
"cowinmagnet-cl-165-portalfruticola-com","165","Portal Frutícola | https://www.portalfruticola.com","Portal Frutícola","portalfruticola.com","portalfruticola.com","food-agriculture","food|agriculture","global","en","public-page","B","false","pending","","","0","Imported from the user directory; inactive until validation succeeds."
"cowinmagnet-cl-166-agrodigital-com","166","Agrodigital LATAM | https://www.agrodigital.com","Agrodigital LATAM","agrodigital.com","agrodigital.com","food-agriculture","food|agriculture","latam","es","public-page","B","false","pending","","","0","Imported from the user directory; inactive until validation succeeds."
"cowinmagnet-cl-167-enfasis-com","167","Revista Énfasis Alimentación LATAM | https://www.alimentacion.enfasis.com","Revista Énfasis Alimentación LATAM","enfasis.com","enfasis.com","food-agriculture","food|agriculture","latam","es","public-page","B","false","pending","","","0","Imported from the user directory; inactive until validation succeeds."
"cowinmagnet-cl-168-insumosypaginas-cl","168","Insumos y Procesos Alimentarios | https://www.insumosypaginas.cl","Insumos y Procesos Alimentarios","insumosypaginas.cl","insumosypaginas.cl","food-agriculture","food|agriculture","chile","es","public-page","B","false","pending","","","0","Imported from the user directory; inactive until validation succeeds."
"cowinmagnet-cl-169-com-uy","169","Agro Insumos Uruguay | https://www.agroinsumos.com.uy","Agro Insumos Uruguay","com.uy","com.uy","food-agriculture","food|agriculture","global","en","public-page","B","false","pending","","","0","Imported from the user directory; inactive until validation succeeds."
"cowinmagnet-cl-170-org-br","170","ABIA | https://www.abia.org.br","ABIA","org.br","org.br","food-agriculture","food|agriculture","brazil","pt-BR","public-page","A","false","pending","","","0","Imported from the user directory; inactive until validation succeeds."
"cowinmagnet-cl-171-revistaialimentos-com","171","IAlimentos | https://www.revistaialimentos.com","IAlimentos","revistaialimentos.com","revistaialimentos.com","food-agriculture","food|agriculture","global","en","public-page","B","false","pending","","","0","Imported from the user directory; inactive until validation succeeds."
"cowinmagnet-cl-172-agrofy-com-ar","172","Agrofy News | https://www.news.agrofy.com.ar","Agrofy News","agrofy.com.ar","agrofy.com.ar","food-agriculture","food|agriculture","argentina","es","public-page","B","false","pending","","","0","Imported from the user directory; inactive until validation succeeds."
"cowinmagnet-cl-173-mundoagro-cl","173","Mundo Agro Chile | https://www.mundoagro.cl","Mundo Agro Chile","mundoagro.cl","mundoagro.cl","food-agriculture","food|agriculture","chile","es","public-page","B","false","pending","","","0","Imported from the user directory; inactive until validation succeeds."
"cowinmagnet-cl-174-tecnoalimentos-com","174","TecnoAlimentos Latam | https://www.tecnoalimentos.com","TecnoAlimentos Latam","tecnoalimentos.com","tecnoalimentos.com","food-agriculture","food|agriculture","latam","es","public-page","B","false","pending","","","0","Imported from the user directory; inactive until validation succeeds."
"cowinmagnet-cl-175-agroindustria-cl","175","Agroindustria del Sur | https://www.agroindustria.cl","Agroindustria del Sur","agroindustria.cl","agroindustria.cl","food-agriculture","food|agriculture","chile","es","public-page","B","false","pending","","","0","Imported from the user directory; inactive until validation succeeds."
"cowinmagnet-cl-176-foodengineeringmag-com","176","Food Engineering | https://www.foodengineeringmag.com","Food Engineering","foodengineeringmag.com","foodengineeringmag.com","food-agriculture","food|agriculture","global","en","public-page","B","false","pending","","","0","Imported from the user directory; inactive until validation succeeds."
"cowinmagnet-cl-177-foodprocessing-com","177","Food Processing Magazine | https://www.foodprocessing.com","Food Processing Magazine","foodprocessing.com","foodprocessing.com","food-agriculture","food|agriculture","global","en","public-page","B","false","pending","","","0","Imported from the user directory; inactive until validation succeeds."
"cowinmagnet-cl-178-food-safety-com","178","Food Safety Magazine | https://www.food-safety.com","Food Safety Magazine","food-safety.com","food-safety.com","food-agriculture","food|agriculture","global","en","public-page","A","false","pending","","","0","Imported from the user directory; inactive until validation succeeds."
"cowinmagnet-cl-179-world-grain-com","179","World Grain | https://www.world-grain.com","World Grain","world-grain.com","world-grain.com","food-agriculture","food|agriculture","global","en","public-page","B","false","pending","","","0","Imported from the user directory; inactive until validation succeeds."
"cowinmagnet-cl-180-millingandgrain-com","180","Milling and Grain | https://www.millingandgrain.com","Milling and Grain","millingandgrain.com","millingandgrain.com","food-agriculture","food|agriculture","global","en","public-page","B","false","pending","","","0","Imported from the user directory; inactive until validation succeeds."
"cowinmagnet-cl-181-foodnavigator-com","181","FoodNavigator | https://www.foodnavigator.com","FoodNavigator","foodnavigator.com","foodnavigator.com","food-agriculture","food|agriculture","global","en","public-page","B","false","pending","","","0","Imported from the user directory; inactive until validation succeeds."
"cowinmagnet-cl-182-powderprocess-net","182","Powder Process Solutions | https://www.powderprocess.net","Powder Process Solutions","powderprocess.net","powderprocess.net","food-agriculture","food|agriculture","global","en","public-page","B","false","pending","","","0","Imported from the user directory; inactive until validation succeeds."
"cowinmagnet-cl-183-foodqualityandsafety-com","183","Food Quality & Safety | https://www.foodqualityandsafety.com","Food Quality & Safety","foodqualityandsafety.com","foodqualityandsafety.com","food-agriculture","food|agriculture","global","en","public-page","A","false","pending","","","0","Imported from the user directory; inactive until validation succeeds."
"cowinmagnet-cl-184-agri-pulse-com","184","Agri-Pulse | https://www.agri-pulse.com","Agri-Pulse","agri-pulse.com","agri-pulse.com","food-agriculture","food|agriculture","global","en","public-page","B","false","pending","","","0","Imported from the user directory; inactive until validation succeeds."
"cowinmagnet-cl-185-feedandgrain-com","185","Feed & Grain | https://www.feedandgrain.com","Feed & Grain","feedandgrain.com","feedandgrain.com","food-agriculture","food|agriculture","global","en","public-page","B","false","pending","","","0","Imported from the user directory; inactive until validation succeeds."
"cowinmagnet-cl-186-foodmanufacturing-com","186","Food Manufacturing | https://www.foodmanufacturing.com","Food Manufacturing","foodmanufacturing.com","foodmanufacturing.com","food-agriculture","food|agriculture","global","en","public-page","B","false","pending","","","0","Imported from the user directory; inactive until validation succeeds."
"cowinmagnet-cl-187-millingjournal-com","187","The Milling Journal | https://www.millingjournal.com","The Milling Journal","millingjournal.com","millingjournal.com","food-agriculture","food|agriculture","global","en","public-page","B","false","pending","","","0","Imported from the user directory; inactive until validation succeeds."
"cowinmagnet-cl-188-ift-org","188","Food Technology Magazine | https://www.ift.org","Food Technology Magazine","ift.org","ift.org","food-agriculture","food|agriculture","global","en","public-page","B","false","pending","","","0","Imported from the user directory; inactive until validation succeeds."
"cowinmagnet-cl-189-processing-website-com","189","Processing Website | https://www.processing-website.com","Processing Website","processing-website.com","processing-website.com","food-agriculture","food|agriculture","global","en","public-page","B","false","pending","","","0","Imported from the user directory; inactive until validation succeeds."
"cowinmagnet-cl-190-foodsafetynews-com","190","Food Safety News | https://www.foodsafetynews.com","Food Safety News","foodsafetynews.com","foodsafetynews.com","food-agriculture","food|agriculture","global","en","public-page","A","false","pending","","","0","Imported from the user directory; inactive until validation succeeds."
"cowinmagnet-cl-191-globalfoodsafetyresource-com","191","Global Food Safety Resource | https://www.globalfoodsafetyresource.com","Global Food Safety Resource","globalfoodsafetyresource.com","globalfoodsafetyresource.com","food-agriculture","food|agriculture","global","en","public-page","A","false","pending","","","0","Imported from the user directory; inactive until validation succeeds."
"cowinmagnet-cl-192-foodincanada-com","192","Food in Canada | https://www.foodincanada.com","Food in Canada","foodincanada.com","foodincanada.com","food-agriculture","food|agriculture","global","en","public-page","B","false","pending","","","0","Imported from the user directory; inactive until validation succeeds."
"cowinmagnet-cl-193-dairyprocessing-com","193","Dairy Processing | https://www.dairyprocessing.com","Dairy Processing","dairyprocessing.com","dairyprocessing.com","food-agriculture","food|agriculture","global","en","public-page","B","false","pending","","","0","Imported from the user directory; inactive until validation succeeds."
"cowinmagnet-cl-194-bakingbusiness-com","194","Baking Business | https://www.bakingbusiness.com","Baking Business","bakingbusiness.com","bakingbusiness.com","food-agriculture","food|agriculture","global","en","public-page","B","false","pending","","","0","Imported from the user directory; inactive until validation succeeds."
"cowinmagnet-cl-195-meatpoultry-com","195","Meat & Poultry Processing | https://www.meatpoultry.com","Meat & Poultry Processing","meatpoultry.com","meatpoultry.com","food-agriculture","food|agriculture","global","en","public-page","B","false","pending","","","0","Imported from the user directory; inactive until validation succeeds."
"cowinmagnet-cl-196-internationalsugarjournal-com","196","International Sugar Journal | https://www.internationalsugarjournal.com","International Sugar Journal","internationalsugarjournal.com","internationalsugarjournal.com","food-agriculture","food|agriculture","global","en","public-page","B","false","pending","","","0","Imported from the user directory; inactive until validation succeeds."
"cowinmagnet-cl-197-processindustryinformer-com","197","Process Industry Informer | https://www.processindustryinformer.com","Process Industry Informer","processindustryinformer.com","processindustryinformer.com","food-agriculture","food|agriculture","global","en","public-page","B","false","pending","","","0","Imported from the user directory; inactive until validation succeeds."
"cowinmagnet-cl-198-allaboutfeed-net","198","All About Feed | https://www.allaboutfeed.net","All About Feed","allaboutfeed.net","allaboutfeed.net","food-agriculture","food|agriculture","global","en","public-page","B","false","pending","","","0","Imported from the user directory; inactive until validation succeeds."
"cowinmagnet-cl-199-feedstrategy-com","199","Feed Strategy | https://www.feedstrategy.com","Feed Strategy","feedstrategy.com","feedstrategy.com","food-agriculture","food|agriculture","global","en","public-page","B","false","pending","","","0","Imported from the user directory; inactive until validation succeeds."
"cowinmagnet-cl-200-agfundernews-com","200","AgFunderNews | https://www.agfundernews.com","AgFunderNews","agfundernews.com","agfundernews.com","food-agriculture","food|agriculture","global","en","public-page","B","false","pending","","","0","Imported from the user directory; inactive until validation succeeds."
"cowinmagnet-cl-201-asiquim-cl","201","ASIQUIM | https://www.asiquim.cl","ASIQUIM","asiquim.cl","asiquim.cl","chemicals-plastics","chemicals|plastics","chile","es","public-page","A","false","pending","","","0","Imported from the user directory; inactive until validation succeeds."
"cowinmagnet-cl-202-plastico-com","202","Plásticos en Latam | https://www.plastico.com","Plásticos en Latam","plastico.com","plastico.com","chemicals-plastics","chemicals|plastics","latam","es","public-page","B","false","pending","","","0","Imported from the user directory; inactive until validation succeeds."
"cowinmagnet-cl-203-plasticosmodernos-com","203","Revista Plásticos Modernos LATAM | https://www.plasticosmodernos.com","Revista Plásticos Modernos LATAM","plasticosmodernos.com","plasticosmodernos.com","chemicals-plastics","chemicals|plastics","latam","es","public-page","B","false","pending","","","0","Imported from the user directory; inactive until validation succeeds."
"cowinmagnet-cl-204-org-br","204","Abiquim | https://www.abiquim.org.br","Abiquim","org.br","org.br","chemicals-plastics","chemicals|plastics","brazil","pt-BR","public-page","A","false","pending","","","0","Imported from the user directory; inactive until validation succeeds."
"cowinmagnet-cl-205-com-br","205","Mundo Plástico Brasil | https://www.mundoplastico.com.br","Mundo Plástico Brasil","com.br","com.br","chemicals-plastics","chemicals|plastics","brazil","pt-BR","public-page","B","false","pending","","","0","Imported from the user directory; inactive until validation succeeds."
"cowinmagnet-cl-206-quiminet-com","206","Quiminet LATAM | https://www.quiminet.com","Quiminet LATAM","quiminet.com","quiminet.com","chemicals-plastics","chemicals|plastics","latam","es","public-page","B","false","pending","","","0","Imported from the user directory; inactive until validation succeeds."
"cowinmagnet-cl-207-ambientequimico-cl","207","Ambiente Químico Chile | https://www.ambientequimico.cl","Ambiente Químico Chile","ambientequimico.cl","ambientequimico.cl","chemicals-plastics","chemicals|plastics","chile","es","public-page","B","false","pending","","","0","Imported from the user directory; inactive until validation succeeds."
"cowinmagnet-cl-208-resinasyplasticos-com","208","Resina y Plásticos Latam | https://www.resinasyplasticos.com","Resina y Plásticos Latam","resinasyplasticos.com","resinasyplasticos.com","chemicals-plastics","chemicals|plastics","latam","es","public-page","B","false","pending","","","0","Imported from the user directory; inactive until validation succeeds."
"cowinmagnet-cl-209-com-ar","209","Industria Química Argentina | https://www.industriaquimica.com.ar","Industria Química Argentina","com.ar","com.ar","chemicals-plastics","chemicals|plastics","argentina","es","public-page","B","false","pending","","","0","Imported from the user directory; inactive until validation succeeds."
"cowinmagnet-cl-210-tecnologiadelplastico-com","210","Tecnología del Plástico | https://www.tecnologiadelplastico.com","Tecnología del Plástico","tecnologiadelplastico.com","tecnologiadelplastico.com","chemicals-plastics","chemicals|plastics","global","en","public-page","B","false","pending","","","0","Imported from the user directory; inactive until validation succeeds."
"cowinmagnet-cl-211-plasticsnews-com","211","Plastics News | https://www.plasticsnews.com","Plastics News","plasticsnews.com","plasticsnews.com","chemicals-plastics","chemicals|plastics","global","en","public-page","B","false","pending","","","0","Imported from the user directory; inactive until validation succeeds."
"cowinmagnet-cl-212-ptonline-com","212","Plastics Technology | https://www.ptonline.com","Plastics Technology","ptonline.com","ptonline.com","chemicals-plastics","chemicals|plastics","global","en","public-page","B","false","pending","","","0","Imported from the user directory; inactive until validation succeeds."
"cowinmagnet-cl-213-chemengonline-com","213","Chemical Engineering Magazine | https://www.chemengonline.com","Chemical Engineering Magazine","chemengonline.com","chemengonline.com","chemicals-plastics","chemicals|plastics","global","en","public-page","B","false","pending","","","0","Imported from the user directory; inactive until validation succeeds."
"cowinmagnet-cl-214-acs-org","214","Chemical & Engineering News | https://cen.acs.org","Chemical & Engineering News","acs.org","acs.org","chemicals-plastics","chemicals|plastics","global","en","public-page","B","false","pending","","","0","Imported from the user directory; inactive until validation succeeds."
"cowinmagnet-cl-215-icis-com","215","ICIS Chemical Business | https://www.icis.com","ICIS Chemical Business","icis.com","icis.com","chemicals-plastics","chemicals|plastics","global","en","public-page","B","false","pending","","","0","Imported from the user directory; inactive until validation succeeds."
"cowinmagnet-cl-216-sustainableplastics-com","216","Sustainable Plastics | https://www.sustainableplastics.com","Sustainable Plastics","sustainableplastics.com","sustainableplastics.com","chemicals-plastics","chemicals|plastics","global","en","public-page","B","false","pending","","","0","Imported from the user directory; inactive until validation succeeds."
"cowinmagnet-cl-217-plasticsmachinerymanufacturing-com","217","Plastics Machinery Magazine | https://www.plasticsmachinerymanufacturing.com","Plastics Machinery Magazine","plasticsmachinerymanufacturing.com","plasticsmachinerymanufacturing.com","chemicals-plastics","chemicals|plastics","global","en","public-page","B","false","pending","","","0","Imported from the user directory; inactive until validation succeeds."
"cowinmagnet-cl-218-chemicalprocessing-com","218","Chemical Processing | https://www.chemicalprocessing.com","Chemical Processing","chemicalprocessing.com","chemicalprocessing.com","chemicals-plastics","chemicals|plastics","global","en","public-page","B","false","pending","","","0","Imported from the user directory; inactive until validation succeeds."
"cowinmagnet-cl-219-plasticsdecorating-com","219","Plastics Decorating | https://www.plasticsdecorating.com","Plastics Decorating","plasticsdecorating.com","plasticsdecorating.com","chemicals-plastics","chemicals|plastics","global","en","public-page","B","false","pending","","","0","Imported from the user directory; inactive until validation succeeds."
"cowinmagnet-cl-220-coatingsgroup-com","220","Polymers Paint Colour Journal | https://www.coatingsgroup.com","Polymers Paint Colour Journal","coatingsgroup.com","coatingsgroup.com","chemicals-plastics","chemicals|plastics","global","en","public-page","B","false","pending","","","0","Imported from the user directory; inactive until validation succeeds."
"cowinmagnet-cl-221-k-online-com","221","Modern Plastics Worldwide | https://www.k-online.com","Modern Plastics Worldwide","k-online.com","k-online.com","chemicals-plastics","chemicals|plastics","global","en","public-page","B","false","pending","","","0","Imported from the user directory; inactive until validation succeeds."
"cowinmagnet-cl-222-compoundingworld-com","222","Compounding World Magazine | https://www.compoundingworld.com","Compounding World Magazine","compoundingworld.com","compoundingworld.com","chemicals-plastics","chemicals|plastics","global","en","public-page","B","false","pending","","","0","Imported from the user directory; inactive until validation succeeds."
"cowinmagnet-cl-223-injectionmouldingworld-com","223","Injection Moulding World | https://www.injectionmouldingworld.com","Injection Moulding World","injectionmouldingworld.com","injectionmouldingworld.com","chemicals-plastics","chemicals|plastics","global","en","public-page","B","false","pending","","","0","Imported from the user directory; inactive until validation succeeds."
"cowinmagnet-cl-224-chemweek-com","224","Chemical Week | https://www.chemweek.com","Chemical Week","chemweek.com","chemweek.com","chemicals-plastics","chemicals|plastics","global","en","public-page","B","false","pending","","","0","Imported from the user directory; inactive until validation succeeds."
"cowinmagnet-cl-225-specchemonline-com","225","Specialty Chemicals Magazine | https://www.specchemonline.com","Specialty Chemicals Magazine","specchemonline.com","specchemonline.com","chemicals-plastics","chemicals|plastics","global","en","public-page","B","false","pending","","","0","Imported from the user directory; inactive until validation succeeds."
"cowinmagnet-cl-226-plasticstoday-com","226","Plastics Today | https://www.plasticstoday.com","Plastics Today","plasticstoday.com","plasticstoday.com","chemicals-plastics","chemicals|plastics","global","en","public-page","B","false","pending","","","0","Imported from the user directory; inactive until validation succeeds."
"cowinmagnet-cl-227-cirsproducts-com","227","Chemical Inspection & Regulation News | https://www.cirsproducts.com","Chemical Inspection & Regulation News","cirsproducts.com","cirsproducts.com","chemicals-plastics","chemicals|plastics","global","en","public-page","B","false","pending","","","0","Imported from the user directory; inactive until validation succeeds."
"cowinmagnet-cl-228-polymerupdate-com","228","Polymer Update | https://www.polymerupdate.com","Polymer Update","polymerupdate.com","polymerupdate.com","chemicals-plastics","chemicals|plastics","global","en","public-page","B","false","pending","","","0","Imported from the user directory; inactive until validation succeeds."
"cowinmagnet-cl-229-rubbernews-com","229","Rubber & Plastics News | https://www.rubbernews.com","Rubber & Plastics News","rubbernews.com","rubbernews.com","chemicals-plastics","chemicals|plastics","global","en","public-page","B","false","pending","","","0","Imported from the user directory; inactive until validation succeeds."
"cowinmagnet-cl-230-cewonline-com","230","Chemical Engineering World | https://www.cewonline.com","Chemical Engineering World","cewonline.com","cewonline.com","chemicals-plastics","chemicals|plastics","global","en","public-page","B","false","pending","","","0","Imported from the user directory; inactive until validation succeeds."
"cowinmagnet-cl-231-ieeemagnetics-org","231","IEEE Magnetics Society | https://www.ieeemagnetics.org","IEEE Magnetics Society","ieeemagnetics.org","ieeemagnetics.org","magnetics-separation","magnetics|separation","global","en","public-page","A","false","pending","","","0","Imported from the user directory; inactive until validation succeeds."
"cowinmagnet-cl-232-magneticsmag-com","232","Magnetics Magazine | https://www.magneticsmag.com","Magnetics Magazine","magneticsmag.com","magneticsmag.com","magnetics-separation","magnetics|separation","global","en","public-page","B","false","pending","","","0","Imported from the user directory; inactive until validation succeeds."
"cowinmagnet-cl-233-or-jp","233","Magnetics Society of Japan | https://www.msj.or.jp","Magnetics Society of Japan","or.jp","or.jp","magnetics-separation","magnetics|separation","global","en","public-page","B","false","pending","","","0","Imported from the user directory; inactive until validation succeeds."
"cowinmagnet-cl-234-ukmagnetsoc-org","234","UK Magnetics Society | https://www.ukmagnetsoc.org","UK Magnetics Society","ukmagnetsoc.org","ukmagnetsoc.org","magnetics-separation","magnetics|separation","global","en","public-page","B","false","pending","","","0","Imported from the user directory; inactive until validation succeeds."
"cowinmagnet-cl-235-sciencedirect-com","235","Journal of Magnetism and Magnetic Materials | https://www.sciencedirect.com/journal/journal-of-magnetism-and-magnetic-materials","Journal of Magnetism and Magnetic Materials","sciencedirect.com","sciencedirect.com","magnetics-separation","magnetics|separation","global","en","public-page","B","false","pending","","","0","Imported from the user directory; inactive until validation succeeds."
"cowinmagnet-cl-236-global-reia-org","236","Rare Earth Industry Association | https://www.global-reia.org","Rare Earth Industry Association","global-reia.org","global-reia.org","magnetics-separation","magnetics|separation","global","en","public-page","A","false","pending","","","0","Imported from the user directory; inactive until validation succeeds."
"cowinmagnet-cl-237-phys-org","237","Phys.org Magnetism News | https://www.phys.org/physics-news/magnetism","Phys.org Magnetism News","phys.org","phys.org","magnetics-separation","magnetics|separation","global","en","public-page","B","false","pending","","","0","Imported from the user directory; inactive until validation succeeds."
"cowinmagnet-cl-238-asminternational-org","238","ASM International | https://www.asminternational.org","ASM International","asminternational.org","asminternational.org","magnetics-separation","magnetics|separation","global","en","public-page","A","false","pending","","","0","Imported from the user directory; inactive until validation succeeds."
"cowinmagnet-cl-239-materialstoday-com","239","Materials Today | https://www.materialstoday.com","Materials Today","materialstoday.com","materialstoday.com","magnetics-separation","magnetics|separation","global","en","public-page","B","false","pending","","","0","Imported from the user directory; inactive until validation succeeds."
"cowinmagnet-cl-240-sciencedaily-com","240","ScienceDaily Magnetism | https://www.sciencedaily.com/news/matter_energy/magnetism","ScienceDaily Magnetism","sciencedaily.com","sciencedaily.com","magnetics-separation","magnetics|separation","global","en","public-page","B","false","pending","","","0","Imported from the user directory; inactive until validation succeeds."
"cowinmagnet-cl-241-asianmetal-com","241","Asian Metal | https://www.asianmetal.com","Asian Metal","asianmetal.com","asianmetal.com","magnetics-separation","magnetics|separation","global","en","public-page","B","false","pending","","","0","Imported from the user directory; inactive until validation succeeds."
"cowinmagnet-cl-242-indmin-com","242","Industrial Minerals Magazine | https://www.indmin.com","Industrial Minerals Magazine","indmin.com","indmin.com","magnetics-separation","magnetics|separation","global","en","public-page","B","false","pending","","","0","Imported from the user directory; inactive until validation succeeds."
"cowinmagnet-cl-243-smenet-org","243","SME Minerals & Metallurgical Processing | https://www.smenet.org/publications","SME Minerals & Metallurgical Processing","smenet.org","smenet.org","magnetics-separation","magnetics|separation","global","en","public-page","A","false","pending","","","0","Imported from the user directory; inactive until validation succeeds."
"cowinmagnet-cl-244-sciencedirect-com","244","Separation and Purification Technology | https://www.sciencedirect.com/journal/separation-and-purification-technology","Separation and Purification Technology","sciencedirect.com","sciencedirect.com","magnetics-separation","magnetics|separation","global","en","public-page","B","false","pending","","","0","Imported from the user directory; inactive until validation succeeds."
"cowinmagnet-cl-245-mineng-com","245","Minerals Engineering International Online | https://www.mineng.com","Minerals Engineering International Online","mineng.com","mineng.com","magnetics-separation","magnetics|separation","global","en","public-page","B","false","pending","","","0","Imported from the user directory; inactive until validation succeeds."
"cowinmagnet-cl-246-mhma-com","246","Magnetic Materials Association News | https://www.mhma.com","Magnetic Materials Association News","mhma.com","mhma.com","magnetics-separation","magnetics|separation","global","en","public-page","B","false","pending","","","0","Imported from the user directory; inactive until validation succeeds."
"cowinmagnet-cl-247-pieers-org","247","Electromagnetic Academy | https://www.pieers.org","Electromagnetic Academy","pieers.org","pieers.org","magnetics-separation","magnetics|separation","global","en","public-page","B","false","pending","","","0","Imported from the user directory; inactive until validation succeeds."
"cowinmagnet-cl-248-scitation-org","248","Applied Physics Letters Magnetics | https://aip.scitation.org/journal/apl","Applied Physics Letters Magnetics","scitation.org","scitation.org","magnetics-separation","magnetics|separation","global","en","public-page","B","false","pending","","","0","Imported from the user directory; inactive until validation succeeds."
"cowinmagnet-cl-249-sciencedirect-com","249","Advanced Powder Technology | https://www.sciencedirect.com/journal/advanced-powder-technology","Advanced Powder Technology","sciencedirect.com","sciencedirect.com","magnetics-separation","magnetics|separation","global","en","public-page","B","false","pending","","","0","Imported from the user directory; inactive until validation succeeds."
"cowinmagnet-cl-250-tandfonline-com","250","Mineral Processing and Extractive Metallurgy Review | https://www.tandfonline.com","Mineral Processing and Extractive Metallurgy Review","tandfonline.com","tandfonline.com","magnetics-separation","magnetics|separation","global","en","public-page","B","false","pending","","","0","Imported from the user directory; inactive until validation succeeds."
"cowinmagnet-cl-251-expomin-cl","251","EXPOMIN Chile | https://www.expomin.cl","EXPOMIN Chile","expomin.cl","expomin.cl","industrial-trade-community","industrial|trade|community","chile","es","public-page","A","false","pending","","","0","Imported from the user directory; inactive until validation succeeds."
"cowinmagnet-cl-252-fida-cl","252","FIDA Chile | https://www.fida.cl","FIDA Chile","fida.cl","fida.cl","industrial-trade-community","industrial|trade|community","chile","es","public-page","A","false","pending","","","0","Imported from the user directory; inactive until validation succeeds."
"cowinmagnet-cl-253-emb-cl","253","Revista EMB | https://www.emb.cl","Revista EMB","emb.cl","emb.cl","industrial-trade-community","industrial|trade|community","chile","es","public-page","B","false","pending","","","0","Imported from the user directory; inactive until validation succeeds."
"cowinmagnet-cl-254-industrialatam-com","254","Industria LATAM Network | https://www.industrialatam.com","Industria LATAM Network","industrialatam.com","industrialatam.com","industrial-trade-community","industrial|trade|community","latam","es","public-page","B","false","pending","","","0","Imported from the user directory; inactive until validation succeeds."
"cowinmagnet-cl-255-directorioindustrial-cl","255","Directorio Industrial de Chile | https://www.directorioindustrial.cl","Directorio Industrial de Chile","directorioindustrial.cl","directorioindustrial.cl","industrial-trade-community","industrial|trade|community","chile","es","public-page","B","false","pending","","","0","Imported from the user directory; inactive until validation succeeds."
"cowinmagnet-cl-256-guiadelaindustria-cl","256","Guía de la Industria Chile | https://www.guiadelaindustria.cl","Guía de la Industria Chile","guiadelaindustria.cl","guiadelaindustria.cl","industrial-trade-community","industrial|trade|community","chile","es","public-page","B","false","pending","","","0","Imported from the user directory; inactive until validation succeeds."
"cowinmagnet-cl-257-negociosindustriales-com","257","Revista Negocios Industriales LATAM | https://www.negociosindustriales.com","Revista Negocios Industriales LATAM","negociosindustriales.com","negociosindustriales.com","industrial-trade-community","industrial|trade|community","latam","es","public-page","B","false","pending","","","0","Imported from the user directory; inactive until validation succeeds."
"cowinmagnet-cl-258-prensaindustrial-cl","258","Prensa Industrial | https://www.prensaindustrial.cl","Prensa Industrial","prensaindustrial.cl","prensaindustrial.cl","industrial-trade-community","industrial|trade|community","chile","es","public-page","B","false","pending","","","0","Imported from the user directory; inactive until validation succeeds."
"cowinmagnet-cl-259-empresasynegocios-cl","259","Empresas y Negocios Chile | https://www.empresasynegocios.cl","Empresas y Negocios Chile","empresasynegocios.cl","empresasynegocios.cl","industrial-trade-community","industrial|trade|community","chile","es","public-page","B","false","pending","","","0","Imported from the user directory; inactive until validation succeeds."
"cowinmagnet-cl-260-infoindustria-com","260","InfoIndustria Latam | https://www.infoindustria.com","InfoIndustria Latam","infoindustria.com","infoindustria.com","industrial-trade-community","industrial|trade|community","latam","es","public-page","B","false","pending","","","0","Imported from the user directory; inactive until validation succeeds."
"cowinmagnet-cl-261-com-pe","261","FIMA Perú | https://www.fima.com.pe","FIMA Perú","com.pe","com.pe","industrial-trade-community","industrial|trade|community","peru","es","public-page","B","false","pending","","","0","Imported from the user directory; inactive until validation succeeds."
"cowinmagnet-cl-262-com-br","262","FEIMEC Brasil | https://www.feimec.com.br","FEIMEC Brasil","com.br","com.br","industrial-trade-community","industrial|trade|community","brazil","pt-BR","public-page","B","false","pending","","","0","Imported from the user directory; inactive until validation succeeds."
"cowinmagnet-cl-263-agroandina-cl","263","AgroAndina News | https://www.agroandina.cl","AgroAndina News","agroandina.cl","agroandina.cl","industrial-trade-community","industrial|trade|community","chile","es","public-page","B","false","pending","","","0","Imported from the user directory; inactive until validation succeeds."
"cowinmagnet-cl-264-industriasustentable-cl","264","Portal Sustentabilidad e Industria | https://www.industriasustentable.cl","Portal Sustentabilidad e Industria","industriasustentable.cl","industriasustentable.cl","industrial-trade-community","industrial|trade|community","chile","es","public-page","B","false","pending","","","0","Imported from the user directory; inactive until validation succeeds."
"cowinmagnet-cl-265-innovacionindustrial-cl","265","Innovación Industrial LATAM | https://www.innovacionindustrial.cl","Innovación Industrial LATAM","innovacionindustrial.cl","innovacionindustrial.cl","industrial-trade-community","industrial|trade|community","chile","es","public-page","B","false","pending","","","0","Imported from the user directory; inactive until validation succeeds."
"cowinmagnet-cl-266-thomasnet-com","266","ThomasNet Industrial News | https://www.thomasnet.com/articles","ThomasNet Industrial News","thomasnet.com","thomasnet.com","industrial-trade-community","industrial|trade|community","global","en","public-page","B","false","pending","","","0","Imported from the user directory; inactive until validation succeeds."
"cowinmagnet-cl-267-directindustry-com","267","DirectIndustry e-Magazine | https://www.directindustry.com","DirectIndustry e-Magazine","directindustry.com","directindustry.com","industrial-trade-community","industrial|trade|community","global","en","public-page","B","false","pending","","","0","Imported from the user directory; inactive until validation succeeds."
"cowinmagnet-cl-268-engineering-com","268","Engineering.com | https://www.engineering.com","Engineering.com","engineering.com","engineering.com","industrial-trade-community","industrial|trade|community","global","en","public-page","B","false","pending","","","0","Imported from the user directory; inactive until validation succeeds."
"cowinmagnet-cl-269-plantservices-com","269","Plant Services Magazine | https://www.plantservices.com","Plant Services Magazine","plantservices.com","plantservices.com","industrial-trade-community","industrial|trade|community","global","en","public-page","B","false","pending","","","0","Imported from the user directory; inactive until validation succeeds."
"cowinmagnet-cl-270-maintenancesalesnews-com","270","Maintenance Sales News | https://www.maintenancesalesnews.com","Maintenance Sales News","maintenancesalesnews.com","maintenancesalesnews.com","industrial-trade-community","industrial|trade|community","global","en","public-page","B","false","pending","","","0","Imported from the user directory; inactive until validation succeeds."
"cowinmagnet-cl-271-globalspec-com","271","GlobalSpec Engineering360 | https://www.globalspec.com","GlobalSpec Engineering360","globalspec.com","globalspec.com","industrial-trade-community","industrial|trade|community","global","en","public-page","B","false","pending","","","0","Imported from the user directory; inactive until validation succeeds."
"cowinmagnet-cl-272-inddist-com","272","Industrial Distribution | https://www.inddist.com","Industrial Distribution","inddist.com","inddist.com","industrial-trade-community","industrial|trade|community","global","en","public-page","B","false","pending","","","0","Imported from the user directory; inactive until validation succeeds."
"cowinmagnet-cl-273-manufacturing-net","273","Manufacturing.net | https://www.manufacturing.net","Manufacturing.net","manufacturing.net","manufacturing.net","industrial-trade-community","industrial|trade|community","global","en","public-page","B","false","pending","","","0","Imported from the user directory; inactive until validation succeeds."
"cowinmagnet-cl-274-industryweek-com","274","IndustryWeek | https://www.industryweek.com","IndustryWeek","industryweek.com","industryweek.com","industrial-trade-community","industrial|trade|community","global","en","public-page","B","false","pending","","","0","Imported from the user directory; inactive until validation succeeds."
"cowinmagnet-cl-275-designnews-com","275","Design News Industrial | https://www.designnews.com","Design News Industrial","designnews.com","designnews.com","industrial-trade-community","industrial|trade|community","global","en","public-page","B","false","pending","","","0","Imported from the user directory; inactive until validation succeeds."
"cowinmagnet-cl-276-machinedesign-com","276","Machine Design | https://www.machinedesign.com","Machine Design","machinedesign.com","machinedesign.com","industrial-trade-community","industrial|trade|community","global","en","public-page","B","false","pending","","","0","Imported from the user directory; inactive until validation succeeds."
"cowinmagnet-cl-277-controleng-com","277","Control Engineering | https://www.controleng.com","Control Engineering","controleng.com","controleng.com","industrial-trade-community","industrial|trade|community","global","en","public-page","B","false","pending","","","0","Imported from the user directory; inactive until validation succeeds."
"cowinmagnet-cl-278-automationworld-com","278","Automation World | https://www.automationworld.com","Automation World","automationworld.com","automationworld.com","industrial-trade-community","industrial|trade|community","global","en","public-page","B","false","pending","","","0","Imported from the user directory; inactive until validation succeeds."
"cowinmagnet-cl-279-efficientplantmag-com","279","Efficient Plant Magazine | https://www.efficientplantmag.com","Efficient Plant Magazine","efficientplantmag.com","efficientplantmag.com","industrial-trade-community","industrial|trade|community","global","en","public-page","B","false","pending","","","0","Imported from the user directory; inactive until validation succeeds."
"cowinmagnet-cl-280-industrialbuyersguide-com","280","Industrial Buyer’s Guide News | https://www.industrialbuyersguide.com","Industrial Buyer’s Guide News","industrialbuyersguide.com","industrialbuyersguide.com","industrial-trade-community","industrial|trade|community","global","en","public-page","B","false","pending","","","0","Imported from the user directory; inactive until validation succeeds."
"cowinmagnet-cl-281-reddit-com","281","Reddit r/Mining | https://www.reddit.com/r/Mining","Reddit r/Mining","reddit.com","reddit.com","industrial-trade-community","industrial|trade|community","global","en","public-page","discovery-only","false","pending","","","0","Imported from the user directory; inactive until validation succeeds."
"cowinmagnet-cl-282-reddit-com","282","Reddit r/Geology | https://www.reddit.com/r/Geology","Reddit r/Geology","reddit.com","reddit.com","industrial-trade-community","industrial|trade|community","global","en","public-page","discovery-only","false","pending","","","0","Imported from the user directory; inactive until validation succeeds."
"cowinmagnet-cl-283-eng-tips-com","283","Eng-Tips Engineering Forums | https://www.eng-tips.com","Eng-Tips Engineering Forums","eng-tips.com","eng-tips.com","industrial-trade-community","industrial|trade|community","global","en","public-page","discovery-only","false","pending","","","0","Imported from the user directory; inactive until validation succeeds."
"cowinmagnet-cl-284-quora-com","284","Quora Powder & Bulk Material Handling | https://www.quora.com","Quora Powder & Bulk Material Handling","quora.com","quora.com","industrial-trade-community","industrial|trade|community","global","en","public-page","discovery-only","false","pending","","","0","Imported from the user directory; inactive until validation succeeds."
"cowinmagnet-cl-285-linkedin-com","285","Mining Technology Forum LinkedIn Groups | https://www.linkedin.com","Mining Technology Forum LinkedIn Groups","linkedin.com","linkedin.com","industrial-trade-community","industrial|trade|community","global","en","public-page","discovery-only","false","pending","","","0","Imported from the user directory; inactive until validation succeeds."
"cowinmagnet-cl-286-linkedin-com","286","Recycling Industry Network LinkedIn Groups | https://www.linkedin.com","Recycling Industry Network LinkedIn Groups","linkedin.com","linkedin.com","industrial-trade-community","industrial|trade|community","global","en","public-page","discovery-only","false","pending","","","0","Imported from the user directory; inactive until validation succeeds."
"cowinmagnet-cl-287-processengineers-net","287","Process Engineers Network | https://www.processengineers.net","Process Engineers Network","processengineers.net","processengineers.net","industrial-trade-community","industrial|trade|community","global","en","public-page","B","false","pending","","","0","Imported from the user directory; inactive until validation succeeds."
"cowinmagnet-cl-288-smrp-org","288","Maintenance & Reliability Forum | https://www.smrp.org","Maintenance & Reliability Forum","smrp.org","smrp.org","industrial-trade-community","industrial|trade|community","global","en","public-page","B","false","pending","","","0","Imported from the user directory; inactive until validation succeeds."
"cowinmagnet-cl-289-heavyequipmentforums-com","289","Heavy Equipment Forums | https://www.heavyequipmentforums.com","Heavy Equipment Forums","heavyequipmentforums.com","heavyequipmentforums.com","industrial-trade-community","industrial|trade|community","global","en","public-page","discovery-only","false","pending","","","0","Imported from the user directory; inactive until validation succeeds."
"cowinmagnet-cl-290-bulkmaterialhandling-net","290","Bulk Materials Handling Community | https://www.bulkmaterialhandling.net","Bulk Materials Handling Community","bulkmaterialhandling.net","bulkmaterialhandling.net","industrial-trade-community","industrial|trade|community","global","en","public-page","discovery-only","false","pending","","","0","Imported from the user directory; inactive until validation succeeds."
"cowinmagnet-cl-291-iscrapapp-com","291","Industrial Maintenance Community | https://www.iscrapapp.com/blog","Industrial Maintenance Community","iscrapapp.com","iscrapapp.com","industrial-trade-community","industrial|trade|community","global","en","public-page","B","false","pending","","","0","Imported from the user directory; inactive until validation succeeds."
"cowinmagnet-cl-292-mineralsforum-com","292","Minerals & Mining Community Forum | https://www.mineralsforum.com","Minerals & Mining Community Forum","mineralsforum.com","mineralsforum.com","industrial-trade-community","industrial|trade|community","global","en","public-page","discovery-only","false","pending","","","0","Imported from the user directory; inactive until validation succeeds."
"cowinmagnet-cl-293-powderforum-com","293","Powder Processing Forum | https://www.powderforum.com","Powder Processing Forum","powderforum.com","powderforum.com","industrial-trade-community","industrial|trade|community","global","en","public-page","discovery-only","false","pending","","","0","Imported from the user directory; inactive until validation succeeds."
"cowinmagnet-cl-294-plantoperations-com","294","Plant Operations Forum | https://www.plantoperations.com","Plant Operations Forum","plantoperations.com","plantoperations.com","industrial-trade-community","industrial|trade|community","global","en","public-page","discovery-only","false","pending","","","0","Imported from the user directory; inactive until validation succeeds."
"cowinmagnet-cl-295-globaltrademag-com","295","Global Trade Magazine Industrial Section | https://www.globaltrademag.com","Global Trade Magazine Industrial Section","globaltrademag.com","globaltrademag.com","industrial-trade-community","industrial|trade|community","global","en","public-page","B","false","pending","","","0","Imported from the user directory; inactive until validation succeeds."
"cowinmagnet-cl-296-b2bindustrialnews-com","296","B2B Industrial News Hub | https://www.b2bindustrialnews.com","B2B Industrial News Hub","b2bindustrialnews.com","b2bindustrialnews.com","industrial-trade-community","industrial|trade|community","global","en","public-page","B","false","pending","","","0","Imported from the user directory; inactive until validation succeeds."
"cowinmagnet-cl-297-factorymaintenance-com","297","Factory Maintenance Online | https://www.factorymaintenance.com","Factory Maintenance Online","factorymaintenance.com","factorymaintenance.com","industrial-trade-community","industrial|trade|community","global","en","public-page","B","false","pending","","","0","Imported from the user directory; inactive until validation succeeds."
"cowinmagnet-cl-298-sustainablemanufacturing-com","298","Sustainable Manufacturing News | https://www.sustainablemanufacturing.com","Sustainable Manufacturing News","sustainablemanufacturing.com","sustainablemanufacturing.com","industrial-trade-community","industrial|trade|community","global","en","public-page","B","false","pending","","","0","Imported from the user directory; inactive until validation succeeds."
"cowinmagnet-cl-299-safetyandhealthmagazine-com","299","Safety+Health Magazine | https://www.safetyandhealthmagazine.com","Safety+Health Magazine","safetyandhealthmagazine.com","safetyandhealthmagazine.com","industrial-trade-community","industrial|trade|community","global","en","public-page","A","false","pending","","","0","Imported from the user directory; inactive until validation succeeds."
"cowinmagnet-cl-300-imma-org","300","International Mining Machinery Association | https://www.imma.org","International Mining Machinery Association","imma.org","imma.org","industrial-trade-community","industrial|trade|community","global","en","public-page","B","false","pending","","","0","Imported from the user directory; inactive until validation succeeds."
